"Depth","Display Name","Type","Continuous Quantity","Dictionary","Current Expression","Projected Expression","Variant Expression","Maturity State(R)","Current Evolution Expression","Description(R)","Planning Required(R)","Projected Evolution Expression","Bundle","B.I.","Title(R)","Name(R)","Revision(R)","Revision Comment(R)","Number of Manufacturing Assembly(R)","Outsourced(R)","Estimated Time(R)","Estimated Cost(R)","Estimated Cost currency(R)","Lead Time Description(R)","Manufactured Item classification(R)","Spare Manufactured Item(R)","Material Category(R)","Estimated Weight(R)","Target Release date(R)","Creation date(R)","Created From(R)","Last modification(R)","Collaborative Policy(R)","Owner(R)","Organization(R)","Collaborative Space(R)","Is Lot Number Required(R)","Is Serial Number Required(R)","Operation State(R)","Planned Start(R)","Planned End(R)","Actual Start(R)","Actual End(R)","Name","Description","Creation date","Last modification","Owner","Organization","Collaborative Space","Deformed Part","Quantity","Torque code","Nominal fastening torque","Torque maximum lower deviation","Torque maximum upper deviation","Entry hole depth","Entry hole countersunk angle","Entry hole type","Entry hole counterbore diameter","Assembly clearance","Boring code","Nominal drilling diameter","Drilling diameter maximum lower deviation","Drilling diameter maximum upper deviation","Head orientation","Quantity(R)"
"1","MBOM-Racecar A","Manufacturing Assembly","1","","","","","In Work","","","Yes","","","112128144","MBOM-Racecar","mass-R1132101478896-00000292","A","","","No","0s","0","","","","False","","0kg","","04/12/2024","","06/14/2024","Engineering Definition","nerkaraditi","Company Name","Common Space","False","False","","","","","","","","","","","","","","","","","","","","","","","","","","","","",""
"2","Battery Assembly A (Battery Assembly.1)","Manufacturing Assembly","1","","","","","In Work","","","Yes","","","112128144","Battery Assembly","mass-R1132101478896-00000616","A","","","No","0s","0","","","","False","","0kg","","06/15/2024","","06/15/2024","Engineering Definition","nerkaraditi","Company Name","Common Space","False","False","","","","","","Battery Assembly.1","","06/15/2024","06/15/2024","nerkaraditi","Company Name","Common Space","False","","","","","","","","","","","","","","","",""
"3","Traxxas Battery Assy A (Manufacturing Assembly00000617.21)","Manufacturing Assembly","1","","","","","In Work","","","Yes","","","112128144","Traxxas Battery Assy","mass-R1132101478896-00000617","A","","","No","0s","0","","","","False","","0kg","","06/15/2024","","06/15/2024","Engineering Definition","nerkaraditi","Company Name","Common Space","False","False","","","","","","Manufacturing Assembly00000617.21","","06/15/2024","06/15/2024","nerkaraditi","Company Name","Common Space","False","","","","","","","","","","","","","","","",""
"4","battery pack A (NAUO504)","Provided Part","1","","","","","In Work","","","","","","112128144","battery pack","prvd-R1132101478896-00001820","A","","","","0s","0","","","","False","","0kg","","05/02/2024","","05/02/2024","Engineering Definition","nerkaraditi","Company Name","Common Space","False","False","","","","","","NAUO504","","06/15/2024","06/15/2024","nerkaraditi","Company Name","Common Space","False","","","","","","","","","","","","","","","",""
"4","Traxxas Battery Cable GND A (NAUO505)","Provided Part","1","","","","","In Work","","","","","","112128144","Traxxas Battery Cable GND","prvd-R1132101478896-00001821","A","","","","0s","0","","","","False","","0kg","","05/02/2024","","05/02/2024","Engineering Definition","nerkaraditi","Company Name","Common Space","False","False","","","","","","NAUO505","","06/15/2024","06/15/2024","nerkaraditi","Company Name","Common Space","False","","","","","","","","","","","","","","","",""
"4","Traxxas Connector A (NAUO506)","Provided Part","1","","","","","In Work","","","","","","112128144","Traxxas Connector","prvd-R1132101478896-00001822","A","","","","0s","0","","","","False","","0kg","","05/02/2024","","05/02/2024","Engineering Definition","nerkaraditi","Company Name","Common Space","False","False","","","","","","NAUO506","","06/15/2024","06/15/2024","nerkaraditi","Company Name","Common Space","False","","","","","","","","","","","","","","","",""
"4","Traxxas Battery Cable Plus A (NAUO507)","Provided Part","1","","","","","In Work","","","","","","112128144","Traxxas Battery Cable Plus","prvd-R1132101478896-00001823","A","","","","0s","0","","","","False","","0kg","","05/02/2024","","05/02/2024","Engineering Definition","nerkaraditi","Company Name","Common Space","False","False","","","","","","NAUO507","","06/15/2024","06/15/2024","nerkaraditi","Company Name","Common Space","False","","","","","","","","","","","","","","","",""
"2","Cable Assembly A (Cable Assembly.1)","Manufacturing Assembly","1","","","","","In Work","","","Yes","","","112128144","Cable Assembly","mass-R1132101478896-00000612","A","","","No","0s","0","","","","False","","0kg","","06/15/2024","","06/15/2024","Engineering Definition","nerkaraditi","Company Name","Common Space","False","False","","","","","","Cable Assembly.1","","06/15/2024","06/15/2024","nerkaraditi","Company Name","Common Space","False","","","","","","","","","","","","","","","",""
"3","VESC servo cable Assy A (Manufacturing Assembly00000613.5)","Manufacturing Assembly","1","","","","","In Work","","","Yes","","","112128144","VESC servo cable Assy","mass-R1132101478896-00000613","A","","","No","0s","0","","","","False","","0kg","","06/15/2024","","06/15/2024","Engineering Definition","nerkaraditi","Company Name","Common Space","False","False","","","","","","Manufacturing Assembly00000613.5","","06/15/2024","06/15/2024","nerkaraditi","Company Name","Common Space","False","","","","","","","","","","","","","","","",""
"4","VESC Servo Cable GND A (NAUO469)","Provided Part","1","","","","","In Work","","","","","","112128144","VESC Servo Cable GND","prvd-R1132101478896-00001855","A","","","","0s","0","","","","False","","0kg","","06/15/2024","","06/15/2024","Engineering Definition","nerkaraditi","Company Name","Common Space","False","False","","","","","","NAUO469","","06/15/2024","06/15/2024","nerkaraditi","Company Name","Common Space","False","","","","","","","","","","","","","","","",""
"4","VESC Servo Cable SGL A (NAUO470)","Provided Part","1","","","","","In Work","","","","","","112128144","VESC Servo Cable SGL","prvd-R1132101478896-00001856","A","","","","0s","0","","","","False","","0kg","","06/15/2024","","06/15/2024","Engineering Definition","nerkaraditi","Company Name","Common Space","False","False","","","","","","NAUO470","","06/15/2024","06/15/2024","nerkaraditi","Company Name","Common Space","False","","","","","","","","","","","","","","","",""
"4","VESC Servo Plug A (NAUO471)","Provided Part","1","","","","","In Work","","","","","","112128144","VESC Servo Plug","prvd-R1132101478896-00001857","A","","","","0s","0","","","","False","","0kg","","06/15/2024","","06/15/2024","Engineering Definition","nerkaraditi","Company Name","Common Space","False","False","","","","","","NAUO471","","06/15/2024","06/15/2024","nerkaraditi","Company Name","Common Space","False","","","","","","","","","","","","","","","",""
"4","VESC Servo Cable Plus A (NAUO472)","Provided Part","1","","","","","In Work","","","","","","112128144","VESC Servo Cable Plus","prvd-R1132101478896-00001858","A","","","","0s","0","","","","False","","0kg","","06/15/2024","","06/15/2024","Engineering Definition","nerkaraditi","Company Name","Common Space","False","False","","","","","","NAUO472","","06/15/2024","06/15/2024","nerkaraditi","Company Name","Common Space","False","","","","","","","","","","","","","","","",""
"3","VESC motor cable assy A (Manufacturing Assembly00000614.10)","Manufacturing Assembly","1","","","","","In Work","","","Yes","","","112128144","VESC motor cable assy","mass-R1132101478896-00000614","A","","","No","0s","0","","","","False","","0kg","","06/15/2024","","06/15/2024","Engineering Definition","nerkaraditi","Company Name","Common Space","False","False","","","","","","Manufacturing Assembly00000614.10","","06/15/2024","06/15/2024","nerkaraditi","Company Name","Common Space","False","","","","","","","","","","","","","","","",""
"4","VESC Motor Cable Y A (NAUO483)","Provided Part","1","","","","","In Work","","","","","","112128144","VESC Motor Cable Y","prvd-R1132101478896-00001859","A","","","","0s","0","","","","False","","0kg","","06/15/2024","","06/15/2024","Engineering Definition","nerkaraditi","Company Name","Common Space","False","False","","","","","","NAUO483","","06/15/2024","06/15/2024","nerkaraditi","Company Name","Common Space","False","","","","","","","","","","","","","","","",""
"4","VESC Motor Cable W A (NAUO484)","Provided Part","1","","","","","In Work","","","","","","112128144","VESC Motor Cable W","prvd-R1132101478896-00001860","A","","","","0s","0","","","","False","","0kg","","06/15/2024","","06/15/2024","Engineering Definition","nerkaraditi","Company Name","Common Space","False","False","","","","","","NAUO484","","06/15/2024","06/15/2024","nerkaraditi","Company Name","Common Space","False","","","","","","","","","","","","","","","",""
"4","VESC Motoro Cable B A (NAUO485)","Provided Part","1","","","","","In Work","","","","","","112128144","VESC Motoro Cable B","prvd-R1132101478896-00001861","A","","","","0s","0","","","","False","","0kg","","06/15/2024","","06/15/2024","Engineering Definition","nerkaraditi","Company Name","Common Space","False","False","","","","","","NAUO485","","06/15/2024","06/15/2024","nerkaraditi","Company Name","Common Space","False","","","","","","","","","","","","","","","",""
"3","Lidar Power Cable Assy A (Manufacturing Assembly00000615.14)","Manufacturing Assembly","1","","","","","In Work","","","Yes","","","112128144","Lidar Power Cable Assy","mass-R1132101478896-00000615","A","","","No","0s","0","","","","False","","0kg","","06/15/2024","","06/15/2024","Engineering Definition","nerkaraditi","Company Name","Common Space","False","False","","","","","","Manufacturing Assembly00000615.14","","06/15/2024","06/15/2024","nerkaraditi","Company Name","Common Space","False","","","","","","","","","","","","","","","",""
"4","Lidar Booster Board Cable Plus A (NAUO474)","Provided Part","1","","","","","In Work","","","","","","112128144","Lidar Booster Board Cable Plus","prvd-R1132101478896-00001862","A","","","","0s","0","","","","False","","0kg","","06/15/2024","","06/15/2024","Engineering Definition","nerkaraditi","Company Name","Common Space","False","False","","","","","","NAUO474","","06/15/2024","06/15/2024","nerkaraditi","Company Name","Common Space","False","","","","","","","","","","","","","","","",""
"4","Terminal Cable Plus A (NAUO475)","Provided Part","1","","","","","In Work","","","","","","112128144","Terminal Cable Plus","prvd-R1132101478896-00001863","A","","","","0s","0","","","","False","","0kg","","06/15/2024","","06/15/2024","Engineering Definition","nerkaraditi","Company Name","Common Space","False","False","","","","","","NAUO475","","06/15/2024","06/15/2024","nerkaraditi","Company Name","Common Space","False","","","","","","","","","","","","","","","",""
"4","Terminal Cable GND A (NAUO476)","Provided Part","1","","","","","In Work","","","","","","112128144","Terminal Cable GND","prvd-R1132101478896-00001864","A","","","","0s","0","","","","False","","0kg","","06/15/2024","","06/15/2024","Engineering Definition","nerkaraditi","Company Name","Common Space","False","False","","","","","","NAUO476","","06/15/2024","06/15/2024","nerkaraditi","Company Name","Common Space","False","","","","","","","","","","","","","","","",""
"4","DC Plug Cable Mount A (NAUO477)","Provided Part","1","","","","","In Work","","","","","","112128144","DC Plug Cable Mount","prvd-R1132101478896-00001865","A","","","","0s","0","","","","False","","0kg","","06/15/2024","","06/15/2024","Engineering Definition","nerkaraditi","Company Name","Common Space","False","False","","","","","","NAUO477","","06/15/2024","06/15/2024","nerkaraditi","Company Name","Common Space","False","","","","","","","","","","","","","","","",""
"4","Lidar Booster Board Cable GND A (NAUO478)","Provided Part","1","","","","","In Work","","","","","","112128144","Lidar Booster Board Cable GND","prvd-R1132101478896-00001866","A","","","","0s","0","","","","False","","0kg","","06/15/2024","","06/15/2024","Engineering Definition","nerkaraditi","Company Name","Common Space","False","False","","","","","","NAUO478","","06/15/2024","06/15/2024","nerkaraditi","Company Name","Common Space","False","","","","","","","","","","","","","","","",""
"3","VESC Battery cable assy A (Manufacturing Assembly00000623.46)","Manufacturing Assembly","1","","","","","In Work","","","Yes","","","112128144","VESC Battery cable assy","mass-R1132101478896-00000623","A","","","No","0s","0","","","","False","","0kg","","06/15/2024","","06/15/2024","Engineering Definition","nerkaraditi","Company Name","Common Space","False","False","","","","","","Manufacturing Assembly00000623.46","","06/15/2024","06/15/2024","nerkaraditi","Company Name","Common Space","False","","","","","","","","","","","","","","","",""
"4","VESC Battery Cable GND A (NAUO494)","Provided Part","1","","","","","In Work","","","","","","112128144","VESC Battery Cable GND","prvd-R1132101478896-00001825","A","","","","0s","0","","","","False","","0kg","","05/02/2024","","05/02/2024","Engineering Definition","nerkaraditi","Company Name","Common Space","False","False","","","","","","NAUO494","","06/15/2024","06/15/2024","nerkaraditi","Company Name","Common Space","False","","","","","","","","","","","","","","","",""
"4","VESC Battery Cable Plus A (NAUO495)","Provided Part","1","","","","","In Work","","","","","","112128144","VESC Battery Cable Plus","prvd-R1132101478896-00001826","A","","","","0s","0","","","","False","","0kg","","05/02/2024","","05/02/2024","Engineering Definition","nerkaraditi","Company Name","Common Space","False","False","","","","","","NAUO495","","06/15/2024","06/15/2024","nerkaraditi","Company Name","Common Space","False","","","","","","","","","","","","","","","",""
"4","XT60 Male Connector Assy <1> A (NAUO500)","Provided Part","1","","","","","In Work","","","","","","112128144","XT60 Male Connector Assy <1>","prvd-R1132101478896-00001827","A","","","","0s","0","","","","False","","0kg","","05/02/2024","","05/02/2024","Engineering Definition","nerkaraditi","Company Name","Common Space","False","False","","","","","","NAUO500","","06/15/2024","06/15/2024","nerkaraditi","Company Name","Common Space","False","","","","","","","","","","","","","","","",""
"3","RJ45 Cable Lidar A (NAUO549)","Provided Part","1","","","","","In Work","","","","","","112128144","RJ45 Cable Lidar","prvd-R1132101478896-00001868","A","","","","0s","0","","","","False","","0kg","","06/15/2024","","06/15/2024","Engineering Definition","nerkaraditi","Company Name","Common Space","False","False","","","","","","NAUO549","","06/15/2024","06/15/2024","nerkaraditi","Company Name","Common Space","False","","","","","","","","","","","","","","","",""
"3","RJ45 Cable Jetson A (NAUO550)","Provided Part","1","","","","","In Work","","","","","","112128144","RJ45 Cable Jetson","prvd-R1132101478896-00001869","A","","","","0s","0","","","","False","","0kg","","06/15/2024","","06/15/2024","Engineering Definition","nerkaraditi","Company Name","Common Space","False","False","","","","","","NAUO550","","06/15/2024","06/15/2024","nerkaraditi","Company Name","Common Space","False","","","","","","","","","","","","","","","",""
"3","USB Cable A (NAUO571)","Provided Part","1","","","","","In Work","","","","","","112128144","USB Cable","prvd-R1132101478896-00001870","A","","","","0s","0","","","","False","","0kg","","06/15/2024","","06/15/2024","Engineering Definition","nerkaraditi","Company Name","Common Space","False","False","","","","","","NAUO571","","06/15/2024","06/15/2024","nerkaraditi","Company Name","Common Space","False","","","","","","","","","","","","","","","",""
"3","USB A Plug A (NAUO572)","Provided Part","1","","","","","In Work","","","","","","112128144","USB A Plug","prvd-R1132101478896-00001871","A","","","","0s","0","","","","False","","0kg","","06/15/2024","","06/15/2024","Engineering Definition","nerkaraditi","Company Name","Common Space","False","False","","","","","","NAUO572","","06/15/2024","06/15/2024","nerkaraditi","Company Name","Common Space","False","","","","","","","","","","","","","","","",""
"2","Center Chassis Assembly A (Center Chassis Assembly.1)","Manufacturing Assembly","1","","","","","In Work","","","Yes","","","112128144","Center Chassis Assembly","mass-R1132101478896-00000602","A","","","No","0s","0","","","","False","","0kg","","06/14/2024","","06/14/2024","Engineering Definition","kverma8000","Company Name","Common Space","False","False","","","","","","Center Chassis Assembly.1","","06/14/2024","06/14/2024","kverma8000","Company Name","Common Space","False","","","","","","","","","","","","","","","",""
"3","Chassis Monocoque A (Manufacturing Assembly00000603.67)","Manufacturing Assembly","1","","","","","In Work","","","Yes","","","112128144","Chassis Monocoque","mass-R1132101478896-00000603","A","","","No","0s","0","","","","False","","0kg","","06/14/2024","","06/14/2024","Engineering Definition","kverma8000","Company Name","Common Space","False","False","","","","","","Manufacturing Assembly00000603.67","","06/14/2024","06/14/2024","kverma8000","Company Name","Common Space","False","","","","","","","","","","","","","","","",""
"4","Chassis Monocoque A (NAUO25)","Provided Part","1","","","","","In Work","","","","","","112128144","Chassis Monocoque","prvd-R1132101478896-00001739","A","","","","0s","0","","","","False","","0kg","","05/01/2024","","05/01/2024","Engineering Definition","nerkaraditi","Company Name","Common Space","False","False","","","","","","NAUO25","","06/14/2024","06/14/2024","kverma8000","Company Name","Common Space","False","","","","","","","","","","","","","","","",""
"3","motor mount A (Manufacturing Assembly00000604.69)","Manufacturing Assembly","1","","","","","In Work","","","Yes","","","112128144","motor mount","mass-R1132101478896-00000604","A","","","No","0s","0","","","","False","","0kg","","06/14/2024","","06/14/2024","Engineering Definition","kverma8000","Company Name","Common Space","False","False","","","","","","Manufacturing Assembly00000604.69","","06/14/2024","06/14/2024","kverma8000","Company Name","Common Space","False","","","","","","","","","","","","","","","",""
"4","Motor Mount A (NAUO29)","Provided Part","1","","","","","In Work","","","","","","112128144","Motor Mount","prvd-R1132101478896-00001667","A","","","","0s","0","","","","False","","0kg","","04/11/2024","","04/11/2024","Engineering Definition","nerkaraditi","Company Name","Common Space","False","False","","","","","","NAUO29","","06/14/2024","06/14/2024","kverma8000","Company Name","Common Space","False","","","","","","","","","","","","","","","",""
"3","Slipper Clutch.1 A (Slipper Clutch.1)","Manufacturing Assembly","1","","","","","In Work","","","Yes","","","112128144","Slipper Clutch.1","mass-R1132101478896-00000605","A","","","No","0s","0","","","","False","","0kg","","06/14/2024","","06/14/2024","Engineering Definition","kverma8000","Company Name","Common Space","False","False","","","","","","Slipper Clutch.1","","06/14/2024","06/14/2024","kverma8000","Company Name","Common Space","False","","","","","","","","","","","","","","","",""
"4","Center Drive Hub A (NAUO49)","Provided Part","1","","","","","In Work","","","","","","112128144","Center Drive Hub","prvd-R1132101478896-00001672","A","","","","0s","0","","","","False","","0kg","","04/11/2024","","04/11/2024","Engineering Definition","nerkaraditi","Company Name","Common Space","False","False","","","","","","NAUO49","","06/14/2024","06/14/2024","kverma8000","Company Name","Common Space","False","","","","","","","","","","","","","","","",""
"4","Steel Disc A (NAUO61)","Provided Part","1","","","","","In Work","","","","","","112128144","Steel Disc","prvd-R1132101478896-00001673","A","","","","0s","0","","","","False","","0kg","","04/11/2024","","04/11/2024","Engineering Definition","nerkaraditi","Company Name","Common Space","False","False","","","","","","NAUO61","","06/14/2024","06/14/2024","kverma8000","Company Name","Common Space","False","","","","","","","","","","","","","","","",""
"4","Spur Gear A (NAUO50)","Provided Part","1","","","","","In Work","","","","","","112128144","Spur Gear","prvd-R1132101478896-00001745","A","","","","0s","0","","","","False","","0kg","","05/01/2024","","05/01/2024","Engineering Definition","nerkaraditi","Company Name","Common Space","False","False","","","","","","NAUO50","","06/14/2024","06/14/2024","kverma8000","Company Name","Common Space","False","","","","","","","","","","","","","","","",""
"4","Input Shaft A (NAUO46)","Provided Part","1","","","","","In Work","","","","","","112128144","Input Shaft","prvd-R1132101478896-00001671","A","","","","0s","0","","","","False","","0kg","","04/11/2024","","04/11/2024","Engineering Definition","nerkaraditi","Company Name","Common Space","False","False","","","","","","NAUO46","","06/14/2024","06/14/2024","kverma8000","Company Name","Common Space","False","","","","","","","","","","","","","","","",""
"3","Drive Shaft A (Drive Shaft.1)","Manufacturing Assembly","1","","","","","In Work","","","Yes","","","112128144","Drive Shaft","mass-R1132101478896-00000606","A","","","No","0s","0","","","","False","","0kg","","06/14/2024","","06/14/2024","Engineering Definition","kverma8000","Company Name","Common Space","False","False","","","","","","Drive Shaft.1","","06/14/2024","06/14/2024","kverma8000","Company Name","Common Space","False","","","","","","","","","","","","","","","",""
"4","Center Driveshaft A (NAUO39)","Provided Part","1","","","","","In Work","","","","","","112128144","Center Driveshaft","prvd-R1132101478896-00001750","A","","","","0s","0","","","","False","","0kg","","05/01/2024","","05/01/2024","Engineering Definition","nerkaraditi","Company Name","Common Space","False","False","","","","","","NAUO39","","06/14/2024","06/14/2024","kverma8000","Company Name","Common Space","False","","","","","","","","","","","","","","","",""
"3","Steering Servo A (Steering Servo)","Manufacturing Assembly","1","","","","","In Work","","","Yes","","","112128144","Steering Servo","mass-R1132101478896-00000607","A","","","No","0s","0","","","","False","","0kg","","06/14/2024","","06/14/2024","Engineering Definition","kverma8000","Company Name","Common Space","False","False","","","","","","Steering Servo","","06/14/2024","06/14/2024","kverma8000","Company Name","Common Space","False","","","","","","","","","","","","","","","",""
"4","Servo Output Mount A (NAUO72)","Provided Part","1","","","","","In Work","","","","","","112128144","Servo Output Mount","prvd-R1132101478896-00001752","A","","","","0s","0","","","","False","","0kg","","05/01/2024","","05/01/2024","Engineering Definition","nerkaraditi","Company Name","Common Space","False","False","","","","","","NAUO72","","06/14/2024","06/14/2024","kverma8000","Company Name","Common Space","False","","","","","","","","","","","","","","","",""
"4","Servo Horn A (NAUO91)","Provided Part","1","","","","","In Work","","","","","","112128144","Servo Horn","prvd-R1132101478896-00001539","A","","","","0s","0","","","","False","","0kg","","04/10/2024","","04/10/2024","Engineering Definition","nerkaraditi","Company Name","Common Space","False","False","","","","","","NAUO91","","06/14/2024","06/14/2024","kverma8000","Company Name","Common Space","False","","","","","","","","","","","","","","","",""
"4","Servo A (NAUO74)","Provided Part","1","","","","","In Work","","","","","","112128144","Servo","prvd-R1132101478896-00001538","A","","","","0s","0","","","","False","","0kg","","04/10/2024","","04/10/2024","Engineering Definition","nerkaraditi","Company Name","Common Space","False","False","","","","","","NAUO74","","06/14/2024","06/14/2024","kverma8000","Company Name","Common Space","False","","","","","","","","","","","","","","","",""
"4","Rod End Servo A (NAUO82)","Provided Part","1","","","","","In Work","","","","","","112128144","Rod End Servo","prvd-R1132101478896-00001850","A","","","","0s","0","","","","False","","0kg","","06/14/2024","","06/14/2024","Engineering Definition","kverma8000","Company Name","Common Space","False","False","","","","","","NAUO82","","06/14/2024","06/14/2024","kverma8000","Company Name","Common Space","False","","","","","","","","","","","","","","","",""
"3","nerf bar assembly A (nerf bar assembly.1)","Manufacturing Assembly","1","","","","","In Work","","","Yes","","","112128144","nerf bar assembly","mass-R1132101478896-00000611","A","","","No","0s","0","","","","False","","0kg","","06/15/2024","","06/15/2024","Engineering Definition","nerkaraditi","Company Name","Common Space","False","False","","","","","","nerf bar assembly.1","","06/15/2024","06/15/2024","nerkaraditi","Company Name","Common Space","False","","","","","","","","","","","","","","","",""
"4","Nerf Bar A (NAUO38)","Provided Part","1","","","","","In Work","","","","","","112128144","Nerf Bar","prvd-R1132101478896-00001853","A","","","","0s","0","","","","False","","0kg","","06/15/2024","","06/15/2024","Engineering Definition","nerkaraditi","Company Name","Common Space","False","False","","","","","","NAUO38","","06/15/2024","06/15/2024","nerkaraditi","Company Name","Common Space","False","","","","","","","","","","","","","","","",""
"2","Font Axle Assembly A (Font Axle Assembly.1)","Manufacturing Assembly","1","","","","","In Work","","","Yes","","","112128144","Font Axle Assembly","mass-R1132101478896-00000293","A","","","No","0s","0","","","","False","","0kg","","04/12/2024","","05/01/2024","Engineering Definition","nerkaraditi","Company Name","Common Space","False","False","","","","","","Font Axle Assembly.1","","04/12/2024","05/01/2024","nerkaraditi","Company Name","Common Space","False","","","","","","","","","","","","","","","",""
"3","Wheel Assembly A (Wheel Assembly.1)","Manufacturing Assembly","1","","","","","In Work","","","Yes","","","112128144","Wheel Assembly","mass-R1132101478896-00000582","A","","","No","0s","0","","","","False","","0kg","","06/14/2024","","06/14/2024","Engineering Definition","kverma8000","Company Name","Common Space","False","False","","","","","","Wheel Assembly.1","","06/14/2024","06/14/2024","kverma8000","Company Name","Common Space","False","","","","","","","","","","","","","","","",""
"4","Wheel Assy 1 A (Wheel Assy 1.1)","Manufacturing Assembly","1","","","","","In Work","","","Yes","","","112128144","Wheel Assy 1","mass-R1132101478896-00000583","A","","","No","0s","0","","","","False","","0kg","","06/14/2024","","06/14/2024","Engineering Definition","kverma8000","Company Name","Common Space","False","False","","","","","","Wheel Assy 1.1","","06/14/2024","06/14/2024","kverma8000","Company Name","Common Space","False","","","","","","","","","","","","","","","",""
"5","Wheel Rim A (NAUO389)","Provided Part","1","","","","","In Work","","","","","","112128144","Wheel Rim","prvd-R1132101478896-00001582","A","","","","0s","0","","","","False","","0kg","","04/10/2024","","04/10/2024","Engineering Definition","nerkaraditi","Company Name","Common Space","False","False","","","","","","NAUO389","","06/14/2024","06/14/2024","kverma8000","Company Name","Common Space","False","","","","","","","","","","","","","","","",""
"5","Tire A (NAUO390)","Provided Part","1","","","","","In Work","","","","","","112128144","Tire","prvd-R1132101478896-00001583","A","","","","0s","0","","","","False","","0kg","","04/10/2024","","04/10/2024","Engineering Definition","nerkaraditi","Company Name","Common Space","False","False","","","","","","NAUO390","","06/14/2024","06/14/2024","kverma8000","Company Name","Common Space","False","","","","","","","","","","","","","","","",""
"5","Wheel Inset A (NAUO391)","Provided Part","1","","","","","In Work","","","","","","112128144","Wheel Inset","prvd-R1132101478896-00001584","A","","","","0s","0","","","","False","","0kg","","04/10/2024","","04/10/2024","Engineering Definition","nerkaraditi","Company Name","Common Space","False","False","","","","","","NAUO391","","06/14/2024","06/14/2024","kverma8000","Company Name","Common Space","False","","","","","","","","","","","","","","","",""
"4","Wheel Assy 2 A (Wheel Assy 2.1)","Manufacturing Assembly","1","","","","","In Work","","","Yes","","","112128144","Wheel Assy 2","mass-R1132101478896-00000584","A","","","No","0s","0","","","","False","","0kg","","06/14/2024","","06/14/2024","Engineering Definition","kverma8000","Company Name","Common Space","False","False","","","","","","Wheel Assy 2.1","","06/14/2024","06/14/2024","kverma8000","Company Name","Common Space","False","","","","","","","","","","","","","","","",""
"5","Wheel Rim A (NAUO280)","Provided Part","1","","","","","In Work","","","","","","112128144","Wheel Rim","prvd-R1132101478896-00001843","A","","","","0s","0","","","","False","","0kg","","06/14/2024","","06/14/2024","Engineering Definition","kverma8000","Company Name","Common Space","False","False","","","","","","NAUO280","","06/14/2024","06/14/2024","kverma8000","Company Name","Common Space","False","","","","","","","","","","","","","","","",""
"5","Tire A (NAUO281)","Provided Part","1","","","","","In Work","","","","","","112128144","Tire","prvd-R1132101478896-00001844","A","","","","0s","0","","","","False","","0kg","","06/14/2024","","06/14/2024","Engineering Definition","kverma8000","Company Name","Common Space","False","False","","","","","","NAUO281","","06/14/2024","06/14/2024","kverma8000","Company Name","Common Space","False","","","","","","","","","","","","","","","",""
"5","Wheel Inset A (NAUO282)","Provided Part","1","","","","","In Work","","","","","","112128144","Wheel Inset","prvd-R1132101478896-00001845","A","","","","0s","0","","","","False","","0kg","","06/14/2024","","06/14/2024","Engineering Definition","kverma8000","Company Name","Common Space","False","False","","","","","","NAUO282","","06/14/2024","06/14/2024","kverma8000","Company Name","Common Space","False","","","","","","","","","","","","","","","",""
"3","Drive Shaft Assembly A (Drive Shaft Assembly.1)","Manufacturing Assembly","1","","","","","In Work","","","Yes","","","112128144","Drive Shaft Assembly","mass-R1132101478896-00000585","A","","","No","0s","0","","","","False","","0kg","","06/14/2024","","06/14/2024","Engineering Definition","kverma8000","Company Name","Common Space","False","False","","","","","","Drive Shaft Assembly.1","","06/14/2024","06/14/2024","kverma8000","Company Name","Common Space","False","","","","","","","","","","","","","","","",""
"4","Drive Shaft Assy 1 A (Drive Shaft Assy 1.1)","Manufacturing Assembly","1","","","","","In Work","","","Yes","","","112128144","Drive Shaft Assy 1","mass-R1132101478896-00000586","A","","","No","0s","0","","","","False","","0kg","","06/14/2024","","06/14/2024","Engineering Definition","kverma8000","Company Name","Common Space","False","False","","","","","","Drive Shaft Assy 1.1","","06/14/2024","06/14/2024","kverma8000","Company Name","Common Space","False","","","","","","","","","","","","","","","",""
"5","4628 Differential Output Yoke A (NAUO334)","Provided Part","1","","","","","In Work","","","","","","112128144","4628 Differential Output Yoke","prvd-R1132101478896-00001570","A","","","","0s","0","","","","False","","0kg","","04/10/2024","","04/10/2024","Engineering Definition","nerkaraditi","Company Name","Common Space","False","False","","","","","","NAUO334","","06/14/2024","06/14/2024","kverma8000","Company Name","Common Space","False","","","","","","","","","","","","","","","",""
"5","1951D Drive Shaft External Half A (NAUO335)","Provided Part","1","","","","","In Work","","","","","","112128144","1951D Drive Shaft External Half","prvd-R1132101478896-00001571","A","","","","0s","0","","","","False","","0kg","","04/10/2024","","04/10/2024","Engineering Definition","nerkaraditi","Company Name","Common Space","False","False","","","","","","NAUO335","","06/14/2024","06/14/2024","kverma8000","Company Name","Common Space","False","","","","","","","","","","","","","","","",""
"5","1951A Drive Shaft Internal Half A (NAUO336)","Provided Part","1","","","","","In Work","","","","","","112128144","1951A Drive Shaft Internal Half","prvd-R1132101478896-00001572","A","","","","0s","0","","","","False","","0kg","","04/10/2024","","04/10/2024","Engineering Definition","nerkaraditi","Company Name","Common Space","False","False","","","","","","NAUO336","","06/14/2024","06/14/2024","kverma8000","Company Name","Common Space","False","","","","","","","","","","","","","","","",""
"5","1951C Drive Shaft Wheel Yoke A (NAUO337)","Provided Part","1","","","","","In Work","","","","","","112128144","1951C Drive Shaft Wheel Yoke","prvd-R1132101478896-00001573","A","","","","0s","0","","","","False","","0kg","","04/10/2024","","04/10/2024","Engineering Definition","nerkaraditi","Company Name","Common Space","False","False","","","","","","NAUO337","","06/14/2024","06/14/2024","kverma8000","Company Name","Common Space","False","","","","","","","","","","","","","","","",""
"5","1951B U-Joint Drive Shaft A (NAUO338)","Provided Part","1","","","","","In Work","","","","","","112128144","1951B U-Joint Drive Shaft","prvd-R1132101478896-00001574","A","","","","0s","0","","","","False","","0kg","","04/10/2024","","04/10/2024","Engineering Definition","nerkaraditi","Company Name","Common Space","False","False","","","","","","NAUO338","","06/14/2024","06/14/2024","kverma8000","Company Name","Common Space","False","","","","","","","","","","","","","","","",""
"5","1951B U-Joint Drive Shaft A (NAUO339)","Provided Part","1","","","","","In Work","","","","","","112128144","1951B U-Joint Drive Shaft","prvd-R1132101478896-00001574","A","","","","0s","0","","","","False","","0kg","","04/10/2024","","04/10/2024","Engineering Definition","nerkaraditi","Company Name","Common Space","False","False","","","","","","NAUO339","","06/14/2024","06/14/2024","kverma8000","Company Name","Common Space","False","","","","","","","","","","","","","","","",""
"4","Drive Shaft Assy 2 A (Drive Shaft Assy 2.1)","Manufacturing Assembly","1","","","","","In Work","","","Yes","","","112128144","Drive Shaft Assy 2","mass-R1132101478896-00000587","A","","","No","0s","0","","","","False","","0kg","","06/14/2024","","06/14/2024","Engineering Definition","kverma8000","Company Name","Common Space","False","False","","","","","","Drive Shaft Assy 2.1","","06/14/2024","06/14/2024","kverma8000","Company Name","Common Space","False","","","","","","","","","","","","","","","",""
"5","4628 Differential Output Yoke A (NAUO286)","Provided Part","1","","","","","In Work","","","","","","112128144","4628 Differential Output Yoke","prvd-R1132101478896-00001570","A","","","","0s","0","","","","False","","0kg","","04/10/2024","","04/10/2024","Engineering Definition","nerkaraditi","Company Name","Common Space","False","False","","","","","","NAUO286","","06/14/2024","06/14/2024","kverma8000","Company Name","Common Space","False","","","","","","","","","","","","","","","",""
"5","1951C Drive Shaft Wheel Yoke A (NAUO285)","Provided Part","1","","","","","In Work","","","","","","112128144","1951C Drive Shaft Wheel Yoke","prvd-R1132101478896-00001573","A","","","","0s","0","","","","False","","0kg","","04/10/2024","","04/10/2024","Engineering Definition","nerkaraditi","Company Name","Common Space","False","False","","","","","","NAUO285","","06/14/2024","06/14/2024","kverma8000","Company Name","Common Space","False","","","","","","","","","","","","","","","",""
"5","1951B U-Joint Drive Shaft A (NAUO284)","Provided Part","1","","","","","In Work","","","","","","112128144","1951B U-Joint Drive Shaft","prvd-R1132101478896-00001574","A","","","","0s","0","","","","False","","0kg","","04/10/2024","","04/10/2024","Engineering Definition","nerkaraditi","Company Name","Common Space","False","False","","","","","","NAUO284","","06/14/2024","06/14/2024","kverma8000","Company Name","Common Space","False","","","","","","","","","","","","","","","",""
"5","1951D Drive Shaft External Half A (NAUO283)","Provided Part","1","","","","","In Work","","","","","","112128144","1951D Drive Shaft External Half","prvd-R1132101478896-00001571","A","","","","0s","0","","","","False","","0kg","","04/10/2024","","04/10/2024","Engineering Definition","nerkaraditi","Company Name","Common Space","False","False","","","","","","NAUO283","","06/14/2024","06/14/2024","kverma8000","Company Name","Common Space","False","","","","","","","","","","","","","","","",""
"5","1951A Drive Shaft Internal Half A (NAUO282)","Provided Part","1","","","","","In Work","","","","","","112128144","1951A Drive Shaft Internal Half","prvd-R1132101478896-00001572","A","","","","0s","0","","","","False","","0kg","","04/10/2024","","04/10/2024","Engineering Definition","nerkaraditi","Company Name","Common Space","False","False","","","","","","NAUO282","","06/14/2024","06/14/2024","kverma8000","Company Name","Common Space","False","","","","","","","","","","","","","","","",""
"5","1951B U-Joint Drive Shaft A (NAUO281)","Provided Part","1","","","","","In Work","","","","","","112128144","1951B U-Joint Drive Shaft","prvd-R1132101478896-00001574","A","","","","0s","0","","","","False","","0kg","","04/10/2024","","04/10/2024","Engineering Definition","nerkaraditi","Company Name","Common Space","False","False","","","","","","NAUO281","","06/14/2024","06/14/2024","kverma8000","Company Name","Common Space","False","","","","","","","","","","","","","","","",""
"3","Front Shock Assembly A (Front Shock Assembly.1)","Manufacturing Assembly","1","","","","","In Work","","","Yes","","","112128144","Front Shock Assembly","mass-R1132101478896-00000588","A","","","No","0s","0","","","","False","","0kg","","06/14/2024","","06/14/2024","Engineering Definition","kverma8000","Company Name","Common Space","False","False","","","","","","Front Shock Assembly.1","","06/14/2024","06/14/2024","kverma8000","Company Name","Common Space","False","","","","","","","","","","","","","","","",""
"4","Front Shock Assy 1 A (Front Shock Assy 1.1)","Manufacturing Assembly","1","","","","","In Work","","","Yes","","","112128144","Front Shock Assy 1","mass-R1132101478896-00000589","A","","","No","0s","0","","","","False","","0kg","","06/14/2024","","06/14/2024","Engineering Definition","kverma8000","Company Name","Common Space","False","False","","","","","","Front Shock Assy 1.1","","06/14/2024","06/14/2024","kverma8000","Company Name","Common Space","False","","","","","","","","","","","","","","","",""
"5","Shock Upper Assy 6804R <1>_Duplicate_21 A (NAUO294)","Provided Part","1","","","","","In Work","","","","","","112128144","Shock Upper Assy 6804R <1>_Duplicate_21","prvd-R1132101478896-00001577","A","","","","0s","0","","","","False","","0kg","","04/10/2024","","04/10/2024","Engineering Definition","nerkaraditi","Company Name","Common Space","False","False","","","","","","NAUO294","","06/14/2024","06/14/2024","kverma8000","Company Name","Common Space","False","","","","","","","","","","","","","","","",""
"5","Spring A (NAUO295)","Provided Part","1","","","","","In Work","","","","","","112128144","Spring","prvd-R1132101478896-00001578","A","","","","0s","0","","","","False","","0kg","","04/10/2024","","04/10/2024","Engineering Definition","nerkaraditi","Company Name","Common Space","False","False","","","","","","NAUO295","","06/14/2024","06/14/2024","kverma8000","Company Name","Common Space","False","","","","","","","","","","","","","","","",""
"5","Shock Lower Assy 6804R <1>_Duplicate_26 A (NAUO299)","Provided Part","1","","","","","In Work","","","","","","112128144","Shock Lower Assy 6804R <1>_Duplicate_26","prvd-R1132101478896-00001579","A","","","","0s","0","","","","False","","0kg","","04/10/2024","","04/10/2024","Engineering Definition","nerkaraditi","Company Name","Common Space","False","False","","","","","","NAUO299","","06/14/2024","06/14/2024","kverma8000","Company Name","Common Space","False","","","","","","","","","","","","","","","",""
"4","Front Shock Assy 2 A (Front Shock Assy 2.1)","Manufacturing Assembly","1","","","","","In Work","","","Yes","","","112128144","Front Shock Assy 2","mass-R1132101478896-00000590","A","","","No","0s","0","","","","False","","0kg","","06/14/2024","","06/14/2024","Engineering Definition","kverma8000","Company Name","Common Space","False","False","","","","","","Front Shock Assy 2.1","","06/14/2024","06/14/2024","kverma8000","Company Name","Common Space","False","","","","","","","","","","","","","","","",""
"5","Spring A (NAUO307)","Provided Part","1","","","","","In Work","","","","","","112128144","Spring","prvd-R1132101478896-00001578","A","","","","0s","0","","","","False","","0kg","","04/10/2024","","04/10/2024","Engineering Definition","nerkaraditi","Company Name","Common Space","False","False","","","","","","NAUO307","","06/14/2024","06/14/2024","kverma8000","Company Name","Common Space","False","","","","","","","","","","","","","","","",""
"5","Shock Upper Assy 6804R <1>_Duplicate_31 A (NAUO312)","Provided Part","1","","","","","In Work","","","","","","112128144","Shock Upper Assy 6804R <1>_Duplicate_31","prvd-R1132101478896-00001580","A","","","","0s","0","","","","False","","0kg","","04/10/2024","","04/10/2024","Engineering Definition","nerkaraditi","Company Name","Common Space","False","False","","","","","","NAUO312","","06/14/2024","06/14/2024","kverma8000","Company Name","Common Space","False","","","","","","","","","","","","","","","",""
"5","Shock Lower Assy 6804R <1>_Duplicate_32 A (NAUO316)","Provided Part","1","","","","","In Work","","","","","","112128144","Shock Lower Assy 6804R <1>_Duplicate_32","prvd-R1132101478896-00001581","A","","","","0s","0","","","","False","","0kg","","04/10/2024","","04/10/2024","Engineering Definition","nerkaraditi","Company Name","Common Space","False","False","","","","","","NAUO316","","06/14/2024","06/14/2024","kverma8000","Company Name","Common Space","False","","","","","","","","","","","","","","","",""
"3","Differential Assembly A (Differential Assembly.1)","Manufacturing Assembly","1","","","","","In Work","","","Yes","","","112128144","Differential Assembly","mass-R1132101478896-00000591","A","","","No","0s","0","","","","False","","0kg","","06/14/2024","","06/14/2024","Engineering Definition","kverma8000","Company Name","Common Space","False","False","","","","","","Differential Assembly.1","","06/14/2024","06/14/2024","kverma8000","Company Name","Common Space","False","","","","","","","","","","","","","","","",""
"4","Front Diff Housing Front Half A (NAUO412)","Provided Part","1","","","","","In Work","","","","","","112128144","Front Diff Housing Front Half","prvd-R1132101478896-00001567","A","","","","0s","0","","","","False","","0kg","","04/10/2024","","04/10/2024","Engineering Definition","nerkaraditi","Company Name","Common Space","False","False","","","","","","NAUO412","","06/14/2024","06/14/2024","kverma8000","Company Name","Common Space","False","","","","","","","","","","","","","","","",""
"4","Input Bevel Gear A (NAUO402)","Provided Part","1","","","","","In Work","","","","","","112128144","Input Bevel Gear","prvd-R1132101478896-00001562","A","","","","0s","0","","","","False","","0kg","","04/10/2024","","04/10/2024","Engineering Definition","nerkaraditi","Company Name","Common Space","False","False","","","","","","NAUO402","","06/14/2024","06/14/2024","kverma8000","Company Name","Common Space","False","","","","","","","","","","","","","","","",""
"4","Front Diff Housing Rear Half A (NAUO395)","Provided Part","1","","","","","In Work","","","","","","112128144","Front Diff Housing Rear Half","prvd-R1132101478896-00001558","A","","","","0s","0","","","","False","","0kg","","04/10/2024","","04/10/2024","Engineering Definition","nerkaraditi","Company Name","Common Space","False","False","","","","","","NAUO395","","06/14/2024","06/14/2024","kverma8000","Company Name","Common Space","False","","","","","","","","","","","","","","","",""
"3","Tie Bar Assembly A (Tie Bar Assembly.1)","Manufacturing Assembly","1","","","","","In Work","","","Yes","","","112128144","Tie Bar Assembly","mass-R1132101478896-00000592","A","","","No","0s","0","","","","False","","0kg","","06/14/2024","","06/14/2024","Engineering Definition","kverma8000","Company Name","Common Space","False","False","","","","","","Tie Bar Assembly.1","","06/14/2024","06/14/2024","kverma8000","Company Name","Common Space","False","","","","","","","","","","","","","","","",""
"4","Manufacturing Assembly00000593 A (Manufacturing Assembly00000593.39)","Manufacturing Assembly","1","","","","","In Work","","","Yes","","","112128144","Manufacturing Assembly00000593","mass-R1132101478896-00000593","A","","","No","0s","0","","","","False","","0kg","","06/14/2024","","06/14/2024","Engineering Definition","kverma8000","Company Name","Common Space","False","False","","","","","","Manufacturing Assembly00000593.39","","06/14/2024","06/14/2024","kverma8000","Company Name","Common Space","False","","","","","","","","","","","","","","","",""
"5","Rod End Long_Duplicate_18 A (NAUO272)","Provided Part","1","","","","","In Work","","","","","","112128144","Rod End Long_Duplicate_18","prvd-R1132101478896-00001575","A","","","","0s","0","","","","False","","0kg","","04/10/2024","","04/10/2024","Engineering Definition","nerkaraditi","Company Name","Common Space","False","False","","","","","","NAUO272","","06/14/2024","06/14/2024","kverma8000","Company Name","Common Space","False","","","","","","","","","","","","","","","",""
"5","Connector Rod_Duplicate_19 A (NAUO273)","Provided Part","1","","","","","In Work","","","","","","112128144","Connector Rod_Duplicate_19","prvd-R1132101478896-00001576","A","","","","0s","0","","","","False","","0kg","","04/10/2024","","04/10/2024","Engineering Definition","nerkaraditi","Company Name","Common Space","False","False","","","","","","NAUO273","","06/14/2024","06/14/2024","kverma8000","Company Name","Common Space","False","","","","","","","","","","","","","","","",""
"5","Rod End Long_Duplicate_18 A (NAUO274)","Provided Part","1","","","","","In Work","","","","","","112128144","Rod End Long_Duplicate_18","prvd-R1132101478896-00001575","A","","","","0s","0","","","","False","","0kg","","04/10/2024","","04/10/2024","Engineering Definition","nerkaraditi","Company Name","Common Space","False","False","","","","","","NAUO274","","06/14/2024","06/14/2024","kverma8000","Company Name","Common Space","False","","","","","","","","","","","","","","","",""
"4","Manufacturing Assembly00000594 A (Manufacturing Assembly00000594.40)","Manufacturing Assembly","1","","","","","In Work","","","Yes","","","112128144","Manufacturing Assembly00000594","mass-R1132101478896-00000594","A","","","No","0s","0","","","","False","","0kg","","06/14/2024","","06/14/2024","Engineering Definition","kverma8000","Company Name","Common Space","False","False","","","","","","Manufacturing Assembly00000594.40","","06/14/2024","06/14/2024","kverma8000","Company Name","Common Space","False","","","","","","","","","","","","","","","",""
"5","Rod End Long_Duplicate_18 A (NAUO277)","Provided Part","1","","","","","In Work","","","","","","112128144","Rod End Long_Duplicate_18","prvd-R1132101478896-00001575","A","","","","0s","0","","","","False","","0kg","","04/10/2024","","04/10/2024","Engineering Definition","nerkaraditi","Company Name","Common Space","False","False","","","","","","NAUO277","","06/14/2024","06/14/2024","kverma8000","Company Name","Common Space","False","","","","","","","","","","","","","","","",""
"5","Rod End Long_Duplicate_18 A (NAUO278)","Provided Part","1","","","","","In Work","","","","","","112128144","Rod End Long_Duplicate_18","prvd-R1132101478896-00001575","A","","","","0s","0","","","","False","","0kg","","04/10/2024","","04/10/2024","Engineering Definition","nerkaraditi","Company Name","Common Space","False","False","","","","","","NAUO278","","06/14/2024","06/14/2024","kverma8000","Company Name","Common Space","False","","","","","","","","","","","","","","","",""
"5","Connector Rod_Duplicate_19 A (NAUO279)","Provided Part","1","","","","","In Work","","","","","","112128144","Connector Rod_Duplicate_19","prvd-R1132101478896-00001576","A","","","","0s","0","","","","False","","0kg","","04/10/2024","","04/10/2024","Engineering Definition","nerkaraditi","Company Name","Common Space","False","False","","","","","","NAUO279","","06/14/2024","06/14/2024","kverma8000","Company Name","Common Space","False","","","","","","","","","","","","","","","",""
"3","Wheel Hub A (Manufacturing Assembly00000337.247)","Manufacturing Assembly","1","","","","","In Work","","","Yes","","","112128144","Wheel Hub","mass-R1132101478896-00000595","A","","","No","0s","0","","","","False","","0kg","","06/14/2024","","06/14/2024","Engineering Definition","kverma8000","Company Name","Common Space","False","False","","","","","","Manufacturing Assembly00000337.247","","06/14/2024","06/14/2024","kverma8000","Company Name","Common Space","False","","","","","","","","","","","","","","","",""
"4","Manufacturing Assembly00000596 A (Manufacturing Assembly00000596.48)","Manufacturing Assembly","1","","","","","In Work","","","Yes","","","112128144","Manufacturing Assembly00000596","mass-R1132101478896-00000596","A","","","No","0s","0","","","","False","","0kg","","06/14/2024","","06/14/2024","Engineering Definition","kverma8000","Company Name","Common Space","False","False","","","","","","Manufacturing Assembly00000596.48","","06/14/2024","06/14/2024","kverma8000","Company Name","Common Space","False","","","","","","","","","","","","","","","",""
"5","Steering Block A (NAUO341)","Provided Part","1","","","","","In Work","","","","","","112128144","Steering Block","prvd-R1132101478896-00001545","A","","","","0s","0","","","","False","","0kg","","04/10/2024","","04/10/2024","Engineering Definition","nerkaraditi","Company Name","Common Space","False","False","","","","","","NAUO341","","06/14/2024","06/14/2024","kverma8000","Company Name","Common Space","False","","","","","","","","","","","","","","","",""
"5","C-Hub L A (NAUO348)","Provided Part","1","","","","","In Work","","","","","","112128144","C-Hub L","prvd-R1132101478896-00001549","A","","","","0s","0","","","","False","","0kg","","04/10/2024","","04/10/2024","Engineering Definition","nerkaraditi","Company Name","Common Space","False","False","","","","","","NAUO348","","06/14/2024","06/14/2024","kverma8000","Company Name","Common Space","False","","","","","","","","","","","","","","","",""
"4","Manufacturing Assembly00000597 A (Manufacturing Assembly00000597.49)","Manufacturing Assembly","1","","","","","In Work","","","Yes","","","112128144","Manufacturing Assembly00000597","mass-R1132101478896-00000597","A","","","No","0s","0","","","","False","","0kg","","06/14/2024","","06/14/2024","Engineering Definition","kverma8000","Company Name","Common Space","False","False","","","","","","Manufacturing Assembly00000597.49","","06/14/2024","06/14/2024","kverma8000","Company Name","Common Space","False","","","","","","","","","","","","","","","",""
"5","Steering Block A (NAUO376)","Provided Part","1","","","","","In Work","","","","","","112128144","Steering Block","prvd-R1132101478896-00001545","A","","","","0s","0","","","","False","","0kg","","04/10/2024","","04/10/2024","Engineering Definition","nerkaraditi","Company Name","Common Space","False","False","","","","","","NAUO376","","06/14/2024","06/14/2024","kverma8000","Company Name","Common Space","False","","","","","","","","","","","","","","","",""
"5","C-Hub R A (NAUO373)","Provided Part","1","","","","","In Work","","","","","","112128144","C-Hub R","prvd-R1132101478896-00001553","A","","","","0s","0","","","","False","","0kg","","04/10/2024","","04/10/2024","Engineering Definition","nerkaraditi","Company Name","Common Space","False","False","","","","","","NAUO373","","06/14/2024","06/14/2024","kverma8000","Company Name","Common Space","False","","","","","","","","","","","","","","","",""
"3","Front Assembly Structure A (Front Assembly Structure .1)","Manufacturing Assembly","1","","","","","In Work","","","Yes","","","112128144","Front Assembly Structure","mass-R1132101478896-00000342","A","","","No","0s","0","","","","False","","0kg","","05/02/2024","","05/02/2024","Engineering Definition","nerkaraditi","Company Name","Common Space","False","False","","","","","","Front Assembly Structure .1","","05/02/2024","05/02/2024","nerkaraditi","Company Name","Common Space","False","","","","","","","","","","","","","","","",""
"4","Front Bulkhead Tie Bar A (NAUO276)","Provided Part","1","","","","","In Work","","","","","","112128144","Front Bulkhead Tie Bar","prvd-R1132101478896-00001833","A","","","","0s","0","","","","False","","0kg","","05/02/2024","","05/02/2024","Engineering Definition","nerkaraditi","Company Name","Common Space","False","False","","","","","","NAUO276","","05/02/2024","06/14/2024","nerkaraditi","Company Name","Common Space","False","","","","","","","","","","","","","","","",""
"4","Shock Tower Front A (NAUO264)","Provided Part","1","","","","","In Work","","","","","","112128144","Shock Tower Front","prvd-R1132101478896-00001834","A","","","","0s","0","","","","False","","0kg","","05/02/2024","","05/02/2024","Engineering Definition","nerkaraditi","Company Name","Common Space","False","False","","","","","","NAUO264","","05/02/2024","05/02/2024","nerkaraditi","Company Name","Common Space","False","","","","","","","","","","","","","","","",""
"4","Front Bulkhead A (NAUO239)","Provided Part","1","","","","","In Work","","","","","","112128144","Front Bulkhead","prvd-R1132101478896-00001835","A","","","","0s","0","","","","False","","0kg","","05/02/2024","","05/02/2024","Engineering Definition","nerkaraditi","Company Name","Common Space","False","False","","","","","","NAUO239","","05/02/2024","06/14/2024","nerkaraditi","Company Name","Common Space","False","","","","","","","","","","","","","","","",""
"4","Traxxas 3655X Suspension Arm Left A (NAUO420)","Provided Part","1","","","","","In Work","","","","","","112128144","Traxxas 3655X Suspension Arm Left","prvd-R1132101478896-00001836","A","","","","0s","0","","","","False","","0kg","","05/02/2024","","05/02/2024","Engineering Definition","nerkaraditi","Company Name","Common Space","False","False","","","","","","NAUO420","","05/02/2024","06/14/2024","nerkaraditi","Company Name","Common Space","False","","","","","","","","","","","","","","","",""
"4","Traxxas 3655X Suspension Arm Right A (NAUO318)","Provided Part","1","","","","","In Work","","","","","","112128144","Traxxas 3655X Suspension Arm Right","prvd-R1132101478896-00001837","A","","","","0s","0","","","","False","","0kg","","05/02/2024","","05/02/2024","Engineering Definition","nerkaraditi","Company Name","Common Space","False","False","","","","","","NAUO318","","05/02/2024","06/14/2024","nerkaraditi","Company Name","Common Space","False","","","","","","","","","","","","","","","",""
"4","TRX 6834 Suspension Pin_Duplicate_13 A (NAUO228)","Provided Part","1","","","","","In Work","","","","","","112128144","TRX 6834 Suspension Pin_Duplicate_13","prvd-R1132101478896-00001838","A","","","","0s","0","","","","False","","0kg","","05/02/2024","","05/02/2024","Engineering Definition","nerkaraditi","Company Name","Common Space","False","False","","","","","","NAUO228","","05/02/2024","06/14/2024","nerkaraditi","Company Name","Common Space","False","","","","","","","","","","","","","","","",""
"4","TRX 6834 Suspension Pin_Duplicate_13 A (NAUO236)","Provided Part","1","","","","","In Work","","","","","","112128144","TRX 6834 Suspension Pin_Duplicate_13","prvd-R1132101478896-00001838","A","","","","0s","0","","","","False","","0kg","","05/02/2024","","05/02/2024","Engineering Definition","nerkaraditi","Company Name","Common Space","False","False","","","","","","NAUO236","","05/02/2024","06/14/2024","nerkaraditi","Company Name","Common Space","False","","","","","","","","","","","","","","","",""
"3","Bell Crank Assembly A (Bell Crank Assembly.1)","Manufacturing Assembly","1","","","","","In Work","","","Yes","","","112128144","Bell Crank Assembly","mass-R1132101478896-00000598","A","","","No","0s","0","","","","False","","0kg","","06/14/2024","","06/14/2024","Engineering Definition","kverma8000","Company Name","Common Space","False","False","","","","","","Bell Crank Assembly.1","","06/14/2024","06/14/2024","kverma8000","Company Name","Common Space","False","","","","","","","","","","","","","","","",""
"4","Manufacturing Assembly00000599 A (Manufacturing Assembly00000599.55)","Manufacturing Assembly","1","","","","","In Work","","","Yes","","","112128144","Manufacturing Assembly00000599","mass-R1132101478896-00000599","A","","","No","0s","0","","","","False","","0kg","","06/14/2024","","06/14/2024","Engineering Definition","kverma8000","Company Name","Common Space","False","False","","","","","","Manufacturing Assembly00000599.55","","06/14/2024","06/14/2024","kverma8000","Company Name","Common Space","False","","","","","","","","","","","","","","","",""
"5","Steering Bellcrank L A (NAUO358)","Provided Part","1","","","","","In Work","","","","","","112128144","Steering Bellcrank L","prvd-R1132101478896-00001700","A","","","","0s","0","","","","False","","0kg","","04/11/2024","","04/11/2024","Engineering Definition","nerkaraditi","Company Name","Common Space","False","False","","","","","","NAUO358","","06/14/2024","06/14/2024","kverma8000","Company Name","Common Space","False","","","","","","","","","","","","","","","",""
"5","Spring Servo Saver A (NAUO359)","Provided Part","1","","","","","In Work","","","","","","112128144","Spring Servo Saver","prvd-R1132101478896-00001701","A","","","","0s","0","","","","False","","0kg","","04/11/2024","","04/11/2024","Engineering Definition","nerkaraditi","Company Name","Common Space","False","False","","","","","","NAUO359","","06/14/2024","06/14/2024","kverma8000","Company Name","Common Space","False","","","","","","","","","","","","","","","",""
"5","Servo Saver Horn A (NAUO370)","Provided Part","1","","","","","In Work","","","","","","112128144","Servo Saver Horn","prvd-R1132101478896-00001705","A","","","","0s","0","","","","False","","0kg","","04/11/2024","","04/11/2024","Engineering Definition","nerkaraditi","Company Name","Common Space","False","False","","","","","","NAUO370","","06/14/2024","06/14/2024","kverma8000","Company Name","Common Space","False","","","","","","","","","","","","","","","",""
"5","Spring Retainer Servo Horn A (NAUO364)","Provided Part","1","","","","","In Work","","","","","","112128144","Spring Retainer Servo Horn","prvd-R1132101478896-00001703","A","","","","0s","0","","","","False","","0kg","","04/11/2024","","04/11/2024","Engineering Definition","nerkaraditi","Company Name","Common Space","False","False","","","","","","NAUO364","","06/14/2024","06/14/2024","kverma8000","Company Name","Common Space","False","","","","","","","","","","","","","","","",""
"5","Ball Bearing Assy 5x8x2.5 <2>_Duplicate_39 A (NAUO363)","Provided Part","1","","","","","In Work","","","","","","112128144","Ball Bearing Assy 5x8x2.5 <2>_Duplicate_39","prvd-R1132101478896-00001702","A","","","","0s","0","","","","False","","0kg","","04/11/2024","","04/11/2024","Engineering Definition","nerkaraditi","Company Name","Common Space","False","False","","","","","","NAUO363","","06/14/2024","06/14/2024","kverma8000","Company Name","Common Space","False","","","","","","","","","","","","","","","",""
"4","Manufacturing Assembly00000600 A (Manufacturing Assembly00000600.56)","Manufacturing Assembly","1","","","","","In Work","","","Yes","","","112128144","Manufacturing Assembly00000600","mass-R1132101478896-00000600","A","","","No","0s","0","","","","False","","0kg","","06/14/2024","","06/14/2024","Engineering Definition","kverma8000","Company Name","Common Space","False","False","","","","","","Manufacturing Assembly00000600.56","","06/14/2024","06/14/2024","kverma8000","Company Name","Common Space","False","","","","","","","","","","","","","","","",""
"5","Ball Connector 2742 A (NAUO320)","Provided Part","1","","","","","In Work","","","","","","112128144","Ball Connector 2742","prvd-R1132101478896-00001846","A","","","","0s","0","","","","False","","0kg","","06/14/2024","","06/14/2024","Engineering Definition","kverma8000","Company Name","Common Space","False","False","","","","","","NAUO320","","06/14/2024","06/14/2024","kverma8000","Company Name","Common Space","False","","","","","","","","","","","","","","","",""
"5","Servo Saver Tube A (NAUO321)","Provided Part","1","","","","","In Work","","","","","","112128144","Servo Saver Tube","prvd-R1132101478896-00001847","A","","","","0s","0","","","","False","","0kg","","06/14/2024","","06/14/2024","Engineering Definition","kverma8000","Company Name","Common Space","False","False","","","","","","NAUO321","","06/14/2024","06/14/2024","kverma8000","Company Name","Common Space","False","","","","","","","","","","","","","","","",""
"5","Steering Bellcrank R A (NAUO322)","Provided Part","1","","","","","In Work","","","","","","112128144","Steering Bellcrank R","prvd-R1132101478896-00001848","A","","","","0s","0","","","","False","","0kg","","06/14/2024","","06/14/2024","Engineering Definition","kverma8000","Company Name","Common Space","False","False","","","","","","NAUO322","","06/14/2024","06/14/2024","kverma8000","Company Name","Common Space","False","","","","","","","","","","","","","","","",""
"5","Bellcrank Connector A (NAUO333)","Provided Part","1","","","","","In Work","","","","","","112128144","Bellcrank Connector","prvd-R1132101478896-00001849","A","","","","0s","0","","","","False","","0kg","","06/14/2024","","06/14/2024","Engineering Definition","kverma8000","Company Name","Common Space","False","False","","","","","","NAUO333","","06/14/2024","06/14/2024","kverma8000","Company Name","Common Space","False","","","","","","","","","","","","","","","",""
"2","Platform Assembly.1 A (Platform Assembly.1)","Manufacturing Assembly","1","","","","","In Work","","","Yes","","","112128144","Platform Assembly.1","mass-R1132101478896-00000320","A","","","No","0s","0","","","","False","","0kg","","05/01/2024","","05/02/2024","Engineering Definition","nerkaraditi","Company Name","Common Space","False","False","","","","","","Platform Assembly.1","","05/01/2024","05/02/2024","nerkaraditi","Company Name","Common Space","False","","","","","","","","","","","","","","","",""
"3","Racecar V3 Plattform A (NAUO451)","Provided Part","1","","","","","In Work","","","","","","112128144","Racecar V3 Plattform","prvd-R1132101478896-00001737","A","","","","0s","0","","","","False","","0kg","","04/25/2024","","04/25/2024","Engineering Definition","kverma8000","Company Name","Common Space","False","False","","","","","","NAUO451","","05/02/2024","06/14/2024","nerkaraditi","Company Name","Common Space","False","","","","","","","","","","","","","","","",""
"3","WiFi Mount and Antenna A (WiFi Mount and Antenna.1)","Manufacturing Assembly","1","","","","","In Work","","","Yes","","","112128144","WiFi Mount and Antenna","mass-R1132101478896-00000353","A","","","No","0s","0","","","","False","","0kg","","05/02/2024","","05/02/2024","Engineering Definition","nerkaraditi","Company Name","Common Space","False","False","","","","","","WiFi Mount and Antenna.1","","05/02/2024","05/02/2024","nerkaraditi","Company Name","Common Space","False","","","","","","","","","","","","","","","",""
"4","Wifi Antenna A (Manufacturing Assembly00000354.2)","Manufacturing Assembly","1","","","","","In Work","","","Yes","","","112128144","Wifi Antenna","mass-R1132101478896-00000609","A","","","No","0s","0","","","","False","","0kg","","06/14/2024","","06/14/2024","Engineering Definition","kverma8000","Company Name","Common Space","False","False","","","","","","Manufacturing Assembly00000354.2","","06/14/2024","06/14/2024","kverma8000","Company Name","Common Space","False","","","","","","","","","","","","","","","",""
"5","WiFi_Antenna_Assy <2> A (NAUO1683)","Provided Part","1","","","","","In Work","","","","","","112128144","WiFi_Antenna_Assy <2>","prvd-R1132101478896-00001851","A","","","","0s","0","","","","False","","0kg","","06/14/2024","","06/14/2024","Engineering Definition","kverma8000","Company Name","Common Space","False","False","","","","","","NAUO1683","","06/14/2024","06/14/2024","kverma8000","Company Name","Common Space","False","","","","","","","","","","","","","","","",""
"5","WiFi_Antenna_Assy <1> A (NAUO523)","Provided Part","1","","","","","In Work","","","","","","112128144","WiFi_Antenna_Assy <1>","prvd-R1132101478896-00001852","A","","","","0s","0","","","","False","","0kg","","06/14/2024","","06/14/2024","Engineering Definition","kverma8000","Company Name","Common Space","False","False","","","","","","NAUO523","","06/14/2024","06/14/2024","kverma8000","Company Name","Common Space","False","","","","","","","","","","","","","","","",""
"4","WiFi Antenna Mount A (NAUO458)","Provided Part","1","","","","","In Work","","","","","","112128144","WiFi Antenna Mount","prvd-R1132101478896-00001738","A","","","","0s","0","","","","False","","0kg","","04/25/2024","","04/25/2024","Engineering Definition","kverma8000","Company Name","Common Space","False","False","","","","","","NAUO458","","06/14/2024","06/14/2024","kverma8000","Company Name","Common Space","False","","","","","","","","","","","","","","","",""
"3","Assy HW-140 <1> A (NAUO733)","Manufacturing Assembly","1","","","","","In Work","","","Yes","","","112128144","Assy HW-140 <1>","mass-R1132101478896-00000618","A","","","No","0s","0","","","","False","","0kg","","06/15/2024","","06/15/2024","Engineering Definition","nerkaraditi","Company Name","Common Space","False","False","","","","","","NAUO733","","06/15/2024","06/15/2024","nerkaraditi","Company Name","Common Space","False","","","","","","","","","","","","","","","",""
"4","Main Board A (NAUO628)","Provided Part","1","","","","","In Work","","","","","","112128144","Main Board","prvd-R1132101478896-00001787","A","","","","0s","0","","","","False","","0kg","","05/02/2024","","05/02/2024","Engineering Definition","nerkaraditi","Company Name","Common Space","False","False","","","","","","NAUO628","","06/15/2024","06/15/2024","nerkaraditi","Company Name","Common Space","False","","","","","","","","","","","","","","","",""
"4","Insulating End Disc, 3.8V, 220F Lithium Hybrid Capacitor A (NAUO629)","Provided Part","1","","","","","In Work","","","","","","112128144","Insulating End Disc, 3.8V, 220F Lithium Hybrid Capacitor","prvd-R1132101478896-00001867","A","","","","0s","0","","","","False","","0kg","","06/15/2024","","06/15/2024","Engineering Definition","nerkaraditi","Company Name","Common Space","False","False","","","","","","NAUO629","","06/15/2024","06/15/2024","nerkaraditi","Company Name","Common Space","False","","","","","","","","","","","","","","","",""
"4","Assy PCB Terminal <2> A (NAUO639)","Provided Part","1","","","","","In Work","","","","","","112128144","Assy PCB Terminal <2>","prvd-R1132101478896-00001789","A","","","","0s","0","","","","False","","0kg","","05/02/2024","","05/02/2024","Engineering Definition","nerkaraditi","Company Name","Common Space","False","False","","","","","","NAUO639","","06/15/2024","06/15/2024","nerkaraditi","Company Name","Common Space","False","","","","","","","","","","","","","","","",""
"4","Assy PCB Terminal <1> A (NAUO645)","Provided Part","1","","","","","In Work","","","","","","112128144","Assy PCB Terminal <1>","prvd-R1132101478896-00001790","A","","","","0s","0","","","","False","","0kg","","05/02/2024","","05/02/2024","Engineering Definition","nerkaraditi","Company Name","Common Space","False","False","","","","","","NAUO645","","06/15/2024","06/15/2024","nerkaraditi","Company Name","Common Space","False","","","","","","","","","","","","","","","",""
"4","Outer Body Subassy, 3.8V, 220F Lithium Hybrid Capacitor <3> A (NAUO650)","Provided Part","1","","","","","In Work","","","","","","112128144","Outer Body Subassy, 3.8V, 220F Lithium Hybrid Capacitor <3>","prvd-R1132101478896-00001791","A","","","","0s","0","","","","False","","0kg","","05/02/2024","","05/02/2024","Engineering Definition","nerkaraditi","Company Name","Common Space","False","False","","","","","","NAUO650","","06/15/2024","06/15/2024","nerkaraditi","Company Name","Common Space","False","","","","","","","","","","","","","","","",""
"4","ER-TFTM1.14-1 <1> A (NAUO693)","Provided Part","1","","","","","In Work","","","","","","112128144","ER-TFTM1.14-1 <1>","prvd-R1132101478896-00001792","A","","","","0s","0","","","","False","","0kg","","05/02/2024","","05/02/2024","Engineering Definition","nerkaraditi","Company Name","Common Space","False","False","","","","","","NAUO693","","06/15/2024","06/15/2024","nerkaraditi","Company Name","Common Space","False","","","","","","","","","","","","","","","",""
"4","MAGTOP INDUCTOR v2 <1> A (NAUO727)","Provided Part","1","","","","","In Work","","","","","","112128144","MAGTOP INDUCTOR v2 <1>","prvd-R1132101478896-00001793","A","","","","0s","0","","","","False","","0kg","","05/02/2024","","05/02/2024","Engineering Definition","nerkaraditi","Company Name","Common Space","False","False","","","","","","NAUO727","","06/15/2024","06/15/2024","nerkaraditi","Company Name","Common Space","False","","","","","","","","","","","","","","","",""
"4","Outer Body Subassy, 3.8V, 220F Lithium Hybrid Capacitor <2> A (NAUO732)","Provided Part","1","","","","","In Work","","","","","","112128144","Outer Body Subassy, 3.8V, 220F Lithium Hybrid Capacitor <2>","prvd-R1132101478896-00001794","A","","","","0s","0","","","","False","","0kg","","05/02/2024","","05/02/2024","Engineering Definition","nerkaraditi","Company Name","Common Space","False","False","","","","","","NAUO732","","06/15/2024","06/15/2024","nerkaraditi","Company Name","Common Space","False","","","","","","","","","","","","","","","",""
"3","VESC_6_EDU_Assy <1> A (NAUO758)","Manufacturing Assembly","1","","","","","In Work","","","Yes","","","112128144","VESC_6_EDU_Assy <1>","mass-R1132101478896-00000619","A","","","No","0s","0","","","","False","","0kg","","06/15/2024","","06/15/2024","Engineering Definition","nerkaraditi","Company Name","Common Space","False","False","","","","","","NAUO758","","06/15/2024","06/15/2024","nerkaraditi","Company Name","Common Space","False","","","","","","","","","","","","","","","",""
"4","VESC_6_EDU_Assy <1> A (NAUO758)","Provided Part","1","","","","","In Work","","","","","","112128144","VESC_6_EDU_Assy <1>","prvd-R1132101478896-00001755","A","","","","0s","0","","","","False","","0kg","","05/02/2024","","05/02/2024","Engineering Definition","nerkaraditi","Company Name","Common Space","False","False","","","","","","NAUO758","","06/15/2024","06/15/2024","nerkaraditi","Company Name","Common Space","False","","","","","","","","","","","","","","","",""
"3","Nvidia Jetson Nano Assy <1> A (NAUO1679)","Manufacturing Assembly","1","","","","","In Work","","","Yes","","","112128144","Nvidia Jetson Nano Assy <1>","mass-R1132101478896-00000620","A","","","No","0s","0","","","","False","","0kg","","06/15/2024","","06/15/2024","Engineering Definition","nerkaraditi","Company Name","Common Space","False","False","","","","","","NAUO1679","","06/15/2024","06/15/2024","nerkaraditi","Company Name","Common Space","False","","","","","","","","","","","","","","","",""
"4","245-83450-0000-000_ASM <1> A (NAUO1678)","Provided Part","1","","","","","In Work","","","","","","112128144","245-83450-0000-000_ASM <1>","prvd-R1132101478896-00001816","A","","","","0s","0","","","","False","","0kg","","05/02/2024","","05/02/2024","Engineering Definition","nerkaraditi","Company Name","Common Space","False","False","","","","","","NAUO1678","","06/15/2024","06/15/2024","nerkaraditi","Company Name","Common Space","False","","","","","","","","","","","","","","","",""
"3","Lidar Assy <1> A (NAUO764)","Manufacturing Assembly","1","","","","","In Work","","","Yes","","","112128144","Lidar Assy <1>","mass-R1132101478896-00000621","A","","","No","0s","0","","","","False","","0kg","","06/15/2024","","06/15/2024","Engineering Definition","nerkaraditi","Company Name","Common Space","False","False","","","","","","NAUO764","","06/15/2024","06/15/2024","nerkaraditi","Company Name","Common Space","False","","","","","","","","","","","","","","","",""
"4","Lidar Power Cable A (NAUO759)","Provided Part","1","","","","","In Work","","","","","","112128144","Lidar Power Cable","prvd-R1132101478896-00001817","A","","","","0s","0","","","","False","","0kg","","05/02/2024","","05/02/2024","Engineering Definition","nerkaraditi","Company Name","Common Space","False","False","","","","","","NAUO759","","06/15/2024","06/15/2024","nerkaraditi","Company Name","Common Space","False","","","","","","","","","","","","","","","",""
"4","B2 A (NAUO760)","Provided Part","1","","","","","In Work","","","","","","112128144","B2","prvd-R1132101478896-00001818","A","","","","0s","0","","","","False","","0kg","","05/02/2024","","05/02/2024","Engineering Definition","nerkaraditi","Company Name","Common Space","False","False","","","","","","NAUO760","","06/15/2024","06/15/2024","nerkaraditi","Company Name","Common Space","False","","","","","","","","","","","","","","","",""
"4","ISO 7380-1 M3x16mm A (NAUO761)","Provided Part","1","","","","","In Work","","","","","","112128144","ISO 7380-1 M3x16mm","prvd-R1132101478896-00001760","A","","","","0s","0","","","","False","","0kg","","05/02/2024","","05/02/2024","Engineering Definition","nerkaraditi","Company Name","Common Space","False","False","","","","","","NAUO761","","06/15/2024","06/15/2024","nerkaraditi","Company Name","Common Space","False","","","","","","","","","","","","","","","",""
"4","ISO 7380-1 M3x16mm A (NAUO762)","Provided Part","1","","","","","In Work","","","","","","112128144","ISO 7380-1 M3x16mm","prvd-R1132101478896-00001760","A","","","","0s","0","","","","False","","0kg","","05/02/2024","","05/02/2024","Engineering Definition","nerkaraditi","Company Name","Common Space","False","False","","","","","","NAUO762","","06/15/2024","06/15/2024","nerkaraditi","Company Name","Common Space","False","","","","","","","","","","","","","","","",""
"4","Part18 A (NAUO763)","Provided Part","1","","","","","In Work","","","","","","112128144","Part18","prvd-R1132101478896-00001819","A","","","","0s","0","","","","False","","0kg","","05/02/2024","","05/02/2024","Engineering Definition","nerkaraditi","Company Name","Common Space","False","False","","","","","","NAUO763","","06/15/2024","06/15/2024","nerkaraditi","Company Name","Common Space","False","","","","","","","","","","","","","","","",""
"2","Rear Axle Assembly A (Rear Axle Assembly.1)","Manufacturing Assembly","1","","","","","In Work","","","Yes","","","112128144","Rear Axle Assembly","mass-R1132101478896-00000608","A","","","No","0s","0","","","","False","","0kg","","06/14/2024","","06/14/2024","Engineering Definition","kverma8000","Company Name","Common Space","False","False","","","","","","Rear Axle Assembly.1","","06/14/2024","06/14/2024","kverma8000","Company Name","Common Space","False","","","","","","","","","","","","","","","",""
"3","Rear Assy <1> A (NAUO225)","Provided Part","1","","","","","In Work","","","","","","112128144","Rear Assy <1>","prvd-R1132101478896-00001839","A","","","","0s","0","","","","False","","0kg","","05/02/2024","","05/02/2024","Engineering Definition","nerkaraditi","Company Name","Common Space","False","False","","","","","","NAUO225","","06/14/2024","06/14/2024","kverma8000","Company Name","Common Space","False","","","","","","","","","","","","","","","",""
